{"rezonator": [[0.0, 0.0], [0.5, 0.0], [0.5, 4.5], [0.12, 4.5], [0.12, 2.54], [-0.12, 2.54], [-0.12, 4.5], [-0.5, 4.5], [-0.5, 0.0], [0.0, 0.0]], "targets": [[[0.15, 3.87], [0.47, 3.87], [0.47, 4.37], [0.15, 4.37], [0.15, 3.87]], [[-0.47, 3.87], [-0.15000000000000002, 3.87], [-0.15000000000000002, 4.37], [-0.47, 4.37], [-0.47, 3.87]]], "working_area": [[-1.6, 3.67], [1.6, 3.67], [1.6, 5.17], [-1.6, 5.17], [-1.6, 3.67]], "forbidden_area": [[0.0, 0.1], [0.49, 0.1], [0.49, 3.775], [0.13, 3.775], [0.13, 2.5300000000000002], [-0.13, 2.5300000000000002], [-0.13, 3.775], [-0.49, 3.775], [-0.49, 0.1], [0.0, 0.1]]}
